{
  "name": "PreloadJS",
  "version": "0.6.2",
  "homepage": "https://github.com/CreateJS/PreloadJS",
  "authors": [
    "gskinner",
    "lannymcnie",
    "wdamien"
  ],
  "description": "PreloadJS makes preloading assets & getting aggregate progress events easier in JavaScript. It uses XHR2 when available, and falls back to tag-based loading when not. Part of the CreateJS suite of libraries.",
  "main": "lib/preloadjs-0.6.2.combined.js",
  "keywords": [
    "preload",
    "xhr",
    "createjs"
  ],
  "license": "MIT",
  "ignore": [
    "**/.*",
    "_assets",
    "node_modules",
    "bower_components",
    ".bower.json",
    "build",
    "docs",
    "examples",
    "extras",
    "icon.png",
    "LICENSE.txt",
    "README.md",
    "src",
    "tests",
    "VERSIONS.txt"
  ],
  "_release": "0.6.2",
  "_resolution": {
    "type": "version",
    "tag": "0.6.2",
    "commit": "23db3b6eb41fbc95f7ef0fbb82d3869d8f509a32"
  },
  "_source": "https://github.com/CreateJS/PreloadJS.git",
  "_target": "^0.6.2",
  "_originalSource": "PreloadJS",
  "_direct": true
}