{
  "version": "v4",
  "repo": "borisyankov/DefinitelyTyped",
  "ref": "master",
  "path": "typings",
  "bundle": "typings/tsd.d.ts",
  "installed": {
    "jquery/jquery.d.ts": {
      "commit": "e937b3e64af586d19f2ea29fdf771e9dc4feecc8"
    },
    "createjs-lib/createjs-lib.d.ts": {
      "commit": "ec9eb4b28c74665a602c22db3457f0a76fa0fa23"
    },
    "tweenjs/tweenjs.d.ts": {
      "commit": "ec9eb4b28c74665a602c22db3457f0a76fa0fa23"
    },
    "easeljs/easeljs.d.ts": {
      "commit": "ec9eb4b28c74665a602c22db3457f0a76fa0fa23"
    },
    "soundjs/soundjs.d.ts": {
      "commit": "ec9eb4b28c74665a602c22db3457f0a76fa0fa23"
    },
    "preloadjs/preloadjs.d.ts": {
      "commit": "ec9eb4b28c74665a602c22db3457f0a76fa0fa23"
    }
  }
}
